Workbook
Name Slicer_Category: #N/A
Name Slicer_Region: #N/A

Sheet Dashboard

Sheet Raw_Data
A1: Order_ID | B1: Date | C1: Customer | D1: Region | E1: Product | F1: Category | G1: Sales | H1: Profit | I1: Month | K1: Row Labels | L1: Sum of Sales | O1: Row Labels | P1: Sum of Sales | S1: Row Labels | T1: Sum of Profit | W1: Row Labels | X1: Sum of Sales
A2: 1001 | B2: 45292 | C2: Riya | D2: West | E2: Laptop | F2: Electronics | G2: 50000 | H2: 8000 | I2: =TEXT(B2,"MMM") -> Jan | K2: East | L2: 299000 | O2: Electronics | P2: 944800 | S2: Chair | T2: 15800 | W2: Jan | X2: 107500
A3: 1002 | B3: 45323 | C3: Aarav | D3: North | E3: Phone | F3: Electronics | G3: 20000 | H3: 3000 | I3: =TEXT(B3,"MMM") -> Feb | K3: North | L3: 519000 | O3: Furniture | P3: 466100 | S3: Headphones | T3: 6650 | W3: Feb | X3: 169000
A4: 1003 | B4: 45352 | C4: Kavya | D4: South | E4: Chair | F4: Furniture | G4: 7000 | H4: 1500 | I4: =TEXT(B4,"MMM") -> Mar | K4: South | L4: 262800 | O4: Grand Total | P4: 1410900 | S4: Laptop | T4: 101800 | W4: Mar | X4: 86300
A5: 1004 | B5: 45383 | C5: Vivaan | D5: East | E5: Table | F5: Furniture | G5: 12000 | H5: 2500 | I5: =TEXT(B5,"MMM") -> Apr | K5: West | L5: 330100 | S5: Phone | T5: 39600 | W5: Apr | X5: 92000
A6: 1005 | B6: 45413 | C6: Meera | D6: West | E6: Headphones | F6: Electronics | G6: 3000 | H6: 500 | I6: =TEXT(B6,"MMM") -> May | K6: Grand Total | L6: 1410900 | S6: Sofa | T6: 61800 | W6: May | X6: 112000
A7: 1006 | B7: 45444 | C7: Arjun | D7: North | E7: Laptop | F7: Electronics | G7: 52000 | H7: 8200 | I7: =TEXT(B7,"MMM") -> Jun | S7: Table | T7: 27400 | W7: Jun | X7: 172000
A8: 1007 | B8: 45474 | C8: Ananya | D8: South | E8: Sofa | F8: Furniture | G8: 25000 | H8: 6000 | I8: =TEXT(B8,"MMM") -> Jul | S8: Grand Total | T8: 253050 | W8: Jul | X8: 84500
A9: 1008 | B9: 45505 | C9: Ishaan | D9: East | E9: Phone | F9: Electronics | G9: 18000 | H9: 2500 | I9: =TEXT(B9,"MMM") -> Aug | W9: Aug | X9: 102300
A10: 1009 | B10: 45536 | C10: Priya | D10: West | E10: Table | F10: Furniture | G10: 14000 | H10: 2800 | I10: =TEXT(B10,"MMM") -> Sep | W10: Sep | X10: 110600
A11: 1010 | B11: 45566 | C11: Dev | D11: North | E11: Laptop | F11: Electronics | G11: 48000 | H11: 7500 | I11: =TEXT(B11,"MMM") -> Oct | W11: Oct | X11: 178000
A12: 1011 | B12: 45597 | C12: Riya | D12: South | E12: Chair | F12: Furniture | G12: 8000 | H12: 1700 | I12: =TEXT(B12,"MMM") -> Nov | W12: Nov | X12: 92000
A13: 1012 | B13: 45627 | C13: Aarav | D13: East | E13: Headphones | F13: Electronics | G13: 3500 | H13: 600 | I13: =TEXT(B13,"MMM") -> Dec | W13: Dec | X13: 104700
A14: 1013 | B14: 45658 | C14: Kavya | D14: West | E14: Sofa | F14: Furniture | G14: 27000 | H14: 6500 | I14: =TEXT(B14,"MMM") -> Jan | W14: Grand Total | X14: 1410900
A15: 1014 | B15: 45689 | C15: Vivaan | D15: North | E15: Phone | F15: Electronics | G15: 22000 | H15: 3200 | I15: =TEXT(B15,"MMM") -> Feb
A16: 1015 | B16: 45717 | C16: Meera | D16: South | E16: Table | F16: Furniture | G16: 13000 | H16: 2600 | I16: =TEXT(B16,"MMM") -> Mar
A17: 1016 | B17: 45748 | C17: Arjun | D17: East | E17: Laptop | F17: Electronics | G17: 51000 | H17: 8100 | I17: =TEXT(B17,"MMM") -> Apr
A18: 1017 | B18: 45778 | C18: Ananya | D18: West | E18: Chair | F18: Furniture | G18: 9000 | H18: 1800 | I18: =TEXT(B18,"MMM") -> May
A19: 1018 | B19: 45809 | C19: Ishaan | D19: North | E19: Phone | F19: Electronics | G19: 21000 | H19: 3100 | I19: =TEXT(B19,"MMM") -> Jun
A20: 1019 | B20: 45839 | C20: Priya | D20: South | E20: Sofa | F20: Furniture | G20: 26000 | H20: 6200 | I20: =TEXT(B20,"MMM") -> Jul
A21: 1020 | B21: 45870 | C21: Dev | D21: East | E21: Headphones | F21: Electronics | G21: 4000 | H21: 700 | I21: =TEXT(B21,"MMM") -> Aug
A22: 1021 | B22: 45901 | C22: Riya | D22: West | E22: Laptop | F22: Electronics | G22: 53000 | H22: 8300 | I22: =TEXT(B22,"MMM") -> Sep
A23: 1022 | B23: 45931 | C23: Aarav | D23: North | E23: Phone | F23: Electronics | G23: 24000 | H23: 3500 | I23: =TEXT(B23,"MMM") -> Oct
A24: 1023 | B24: 45962 | C24: Kavya | D24: South | E24: Chair | F24: Furniture | G24: 7500 | H24: 1600 | I24: =TEXT(B24,"MMM") -> Nov
A25: 1024 | B25: 45992 | C25: Vivaan | D25: East | E25: Table | F25: Furniture | G25: 15000 | H25: 3000 | I25: =TEXT(B25,"MMM") -> Dec
A26: 1025 | B26: 44927 | C26: Meera | D26: West | E26: Headphones | F26: Electronics | G26: 4500 | H26: 800 | I26: =TEXT(B26,"MMM") -> Jan
... A61: 1060 | B61: 44531 | C61: Dev | D61: East | E61: Headphones | F61: Electronics | G61: 5200 | H61: 950 | I61: =TEXT(B61,"MMM") -> Dec

Sheet Clean_Data
A2: Order_ID | B2: Date | C2: Customer | D2: Region | E2: Product | F2: Category | G2: Sales | H2: Profit | I2: format date | J2: month | K2: VLOOKUP | M2: countif | O2: If condition | P2: Order_ID | Q2: Sales | S2: Order_ID | T2: Date | U2: Customer | V2: Region | W2: Product | X2: Category | Y2: Sales | Z2: Profit | AA2: format date | AB2: month
A3: 1001 | B3: 45292 | C3: Riya | D3: West | E3: Laptop | F3: Electronics | G3: 50000 | H3: 8000 | I3: =TEXT(B3,"mmm-yyyy") -> Jan-2024 | J3: =TEXT(B3,"mmm") -> Jan | K3: =VLOOKUP(A3,Raw_Data!A1:I61,8,FALSE) -> 8000 | L3: south | M3: =COUNTIF(D3:D62,"south") -> 15 | N3: =INDEX(G:G, MATCH(A3, A:A, 0)) -> 50000 | O3: =IF(G3>10000,"High","low") -> High | P3: 1058 | Q3: =INDEX(G:G,MATCH(P3,A:A,0)) -> 24000 | S3: 1001 | T3: =INDEX($A$3:$J$62,MATCH($S$3,$A$3:$A$62,0),MATCH(T$2,$A$2:$J$2,0)) -> 45292 | U3: =INDEX($A$3:$J$62,MATCH($S$3,$A$3:$A$62,0),MATCH(U$2,$A$2:$J$2,0)) -> Riya | V3: =INDEX($A$3:$J$62,MATCH($S$3,$A$3:$A$62,0),MATCH(V$2,$A$2:$J$2,0)) -> West | W3: =INDEX($A$3:$J$62,MATCH($S$3,$A$3:$A$62,0),MATCH(W$2,$A$2:$J$2,0)) -> Laptop | X3: =INDEX($A$3:$J$62,MATCH($S$3,$A$3:$A$62,0),MATCH(X$2,$A$2:$J$2,0)) -> Electronics | Y3: =INDEX($A$3:$J$62,MATCH($S$3,$A$3:$A$62,0),MATCH(Y$2,$A$2:$J$2,0)) -> 50000 | Z3: =INDEX($A$3:$J$62,MATCH($S$3,$A$3:$A$62,0),MATCH(Z$2,$A$2:$J$2,0)) -> 8000 | AA3: =INDEX($A$3:$J$62,MATCH($S$3,$A$3:$A$62,0),MATCH(AA$2,$A$2:$J$2,0)) -> Jan-2024 | AB3: =INDEX($A$3:$J$62,MATCH($S$3,$A$3:$A$62,0),MATCH(AB$2,$A$2:$J$2,0)) -> Jan
A4: 1002 | B4: 45323 | C4: Aarav | D4: North | E4: Phone | F4: Electronics | G4: 20000 | H4: 3000 | I4: =TEXT(B4,"mmm-yyyy") -> Feb-2024 | J4: =TEXT(B4,"mmm") -> Feb | K4: =VLOOKUP(A4,Raw_Data!A2:I62,8,FALSE) -> 3000 | L4: north | M4: =COUNTIF(D3:D62,"North") -> 15 | O4: =IF(G4>10000,"High","low") -> High
A5: 1003 | B5: 45352 | C5: Kavya | D5: South | E5: Chair | F5: Furniture | G5: 7000 | H5: 1500 | I5: =TEXT(B5,"mmm-yyyy") -> Mar-2024 | J5: =TEXT(B5,"mmm") -> Mar | K5: =VLOOKUP(A5,Raw_Data!A3:I63,8,FALSE) -> 1500 | L5: east | M5: =COUNTIF(D3:D63,"east") -> 15 | O5: =IF(G5>10000,"High","low") -> low
A6: 1004 | B6: 45383 | C6: Vivaan | D6: East | E6: Table | F6: Furniture | G6: 12000 | H6: 2500 | I6: =TEXT(B6,"mmm-yyyy") -> Apr-2024 | J6: =TEXT(B6,"mmm") -> Apr | K6: =VLOOKUP(A6,Raw_Data!A4:I64,8,FALSE) -> 2500 | L6: ewest | M6: =COUNTIF(D3:D64,"west") -> 15 | O6: =IF(G6>10000,"High","low") -> High | Q6: Total Sales | R6: =SUM(G:G) -> 1410900
A7: 1005 | B7: 45413 | C7: Meera | D7: West | E7: Headphones | F7: Electronics | G7: 3000 | H7: 500 | I7: =TEXT(B7,"mmm-yyyy") -> May-2024 | J7: =TEXT(B7,"mmm") -> May | K7: =VLOOKUP(A7,Raw_Data!A5:I65,8,FALSE) -> 500 | O7: =IF(G7>10000,"High","low") -> low | Q7: Total Profit | R7: =SUM(H:H) -> 253050
A8: 1006 | B8: 45444 | C8: Arjun | D8: North | E8: Laptop | F8: Electronics | G8: 52000 | H8: 8200 | I8: =TEXT(B8,"mmm-yyyy") -> Jun-2024 | J8: =TEXT(B8,"mmm") -> Jun | K8: =VLOOKUP(A8,Raw_Data!A6:I66,8,FALSE) -> 8200 | O8: =IF(G8>10000,"High","low") -> High | Q8: Total Orders | R8: =COUNTA(A3:A62) -> 60
A9: 1007 | B9: 45474 | C9: Ananya | D9: South | E9: Sofa | F9: Furniture | G9: 25000 | H9: 6000 | I9: =TEXT(B9,"mmm-yyyy") -> Jul-2024 | J9: =TEXT(B9,"mmm") -> Jul | K9: =VLOOKUP(A9,Raw_Data!A7:I67,8,FALSE) -> 6000 | O9: =IF(G9>10000,"High","low") -> High
A10: 1008 | B10: 45505 | C10: Ishaan | D10: East | E10: Phone | F10: Electronics | G10: 18000 | H10: 2500 | I10: =TEXT(B10,"mmm-yyyy") -> Aug-2024 | J10: =TEXT(B10,"mmm") -> Aug | K10: =VLOOKUP(A10,Raw_Data!A8:I68,8,FALSE) -> 2500 | O10: =IF(G10>10000,"High","low") -> High
A11: 1009 | B11: 45536 | C11: Priya | D11: West | E11: Table | F11: Furniture | G11: 14000 | H11: 2800 | I11: =TEXT(B11,"mmm-yyyy") -> Sep-2024 | J11: =TEXT(B11,"mmm") -> Sep | K11: =VLOOKUP(A11,Raw_Data!A9:I69,8,FALSE) -> 2800 | O11: =IF(G11>10000,"High","low") -> High
A12: 1010 | B12: 45566 | C12: Dev | D12: North | E12: Laptop | F12: Electronics | G12: 48000 | H12: 7500 | I12: =TEXT(B12,"mmm-yyyy") -> Oct-2024 | J12: =TEXT(B12,"mmm") -> Oct | K12: =VLOOKUP(A12,Raw_Data!A10:I70,8,FALSE) -> 7500 | O12: =IF(G12>10000,"High","low") -> High
A13: 1011 | B13: 45597 | C13: Riya | D13: South | E13: Chair | F13: Furniture | G13: 8000 | H13: 1700 | I13: =TEXT(B13,"mmm-yyyy") -> Nov-2024 | J13: =TEXT(B13,"mmm") -> Nov | K13: =VLOOKUP(A13,Raw_Data!A11:I71,8,FALSE) -> 1700 | O13: =IF(G13>10000,"High","low") -> low
A14: 1012 | B14: 45627 | C14: Aarav | D14: East | E14: Headphones | F14: Electronics | G14: 3500 | H14: 600 | I14: =TEXT(B14,"mmm-yyyy") -> Dec-2024 | J14: =TEXT(B14,"mmm") -> Dec | K14: =VLOOKUP(A14,Raw_Data!A12:I72,8,FALSE) -> 600 | O14: =IF(G14>10000,"High","low") -> low
A15: 1013 | B15: 45658 | C15: Kavya | D15: West | E15: Sofa | F15: Furniture | G15: 27000 | H15: 6500 | I15: =TEXT(B15,"mmm-yyyy") -> Jan-2025 | J15: =TEXT(B15,"mmm") -> Jan | K15: =VLOOKUP(A15,Raw_Data!A13:I73,8,FALSE) -> 6500 | O15: =IF(G15>10000,"High","low") -> High
A16: 1014 | B16: 45689 | C16: Vivaan | D16: North | E16: Phone | F16: Electronics | G16: 22000 | H16: 3200 | I16: =TEXT(B16,"mmm-yyyy") -> Feb-2025 | J16: =TEXT(B16,"mmm") -> Feb | K16: =VLOOKUP(A16,Raw_Data!A14:I74,8,FALSE) -> 3200 | O16: =IF(G16>10000,"High","low") -> High
A17: 1015 | B17: 45717 | C17: Meera | D17: South | E17: Table | F17: Furniture | G17: 13000 | H17: 2600 | I17: =TEXT(B17,"mmm-yyyy") -> Mar-2025 | J17: =TEXT(B17,"mmm") -> Mar | K17: =VLOOKUP(A17,Raw_Data!A15:I75,8,FALSE) -> 2600 | O17: =IF(G17>10000,"High","low") -> High
A18: 1016 | B18: 45748 | C18: Arjun | D18: East | E18: Laptop | F18: Electronics | G18: 51000 | H18: 8100 | I18: =TEXT(B18,"mmm-yyyy") -> Apr-2025 | J18: =TEXT(B18,"mmm") -> Apr | K18: =VLOOKUP(A18,Raw_Data!A16:I76,8,FALSE) -> 8100 | O18: =IF(G18>10000,"High","low") -> High
A19: 1017 | B19: 45778 | C19: Ananya | D19: West | E19: Chair | F19: Furniture | G19: 9000 | H19: 1800 | I19: =TEXT(B19,"mmm-yyyy") -> May-2025 | J19: =TEXT(B19,"mmm") -> May | K19: =VLOOKUP(A19,Raw_Data!A17:I77,8,FALSE) -> 1800 | O19: =IF(G19>10000,"High","low") -> low
A20: 1018 | B20: 45809 | C20: Ishaan | D20: North | E20: Phone | F20: Electronics | G20: 21000 | H20: 3100 | I20: =TEXT(B20,"mmm-yyyy") -> Jun-2025 | J20: =TEXT(B20,"mmm") -> Jun | K20: =VLOOKUP(A20,Raw_Data!A18:I78,8,FALSE) -> 3100 | O20: =IF(G20>10000,"High","low") -> High
... A62: 1060 | B62: 44531 | C62: Dev | D62: East | E62: Headphones | F62: Electronics | G62: 5200 | H62: 950 | I62: =TEXT(B62,"mmm-yyyy") -> Dec-2021 | J62: =TEXT(B62,"mmm") -> Dec | K62: =VLOOKUP(A62,Raw_Data!A60:I120,8,FALSE) -> 950 | O62: =IF(G62>10000,"High","low") -> low

Sheet pivot tables
L1: sales by region | P1: sales by catagory | T1: Monthly Sales Trend | X1: profit analysis
A2: Order_ID | B2: Date | C2: Customer | D2: Region | E2: Product | F2: Category | G2: Sales | H2: Profit | I2: format date | J2: month | L2: Row Labels | M2: Sum of Sales | P2: Row Labels | Q2: Sum of Sales | T2: Row Labels | U2: Sum of Sales | X2: Row Labels | Y2: Sum of Profit
A3: 1001 | B3: 45292 | C3: Riya | D3: West | E3: Laptop | F3: Electronics | G3: 50000 | H3: 8000 | I3: =TEXT(B3,"mmm-yyyy") -> Jan-2024 | J3: =TEXT(B3,"mmm") -> Jan | L3: East | M3: 42500 | P3: Furniture | Q3: 42500 | T3: Apr | U3: 12000 | X3: Table | Y3: 8600
A4: 1002 | B4: 45323 | C4: Aarav | D4: North | E4: Phone | F4: Electronics | G4: 20000 | H4: 3000 | I4: =TEXT(B4,"mmm-yyyy") -> Feb-2024 | J4: =TEXT(B4,"mmm") -> Feb | L4: Grand Total | M4: 42500 | P4: Grand Total | Q4: 42500 | T4: Aug | U4: 15500 | X4: Grand Total | Y4: 8600
A5: 1003 | B5: 45352 | C5: Kavya | D5: South | E5: Chair | F5: Furniture | G5: 7000 | H5: 1500 | I5: =TEXT(B5,"mmm-yyyy") -> Mar-2024 | J5: =TEXT(B5,"mmm") -> Mar | T5: Dec | U5: 15000
A6: 1004 | B6: 45383 | C6: Vivaan | D6: East | E6: Table | F6: Furniture | G6: 12000 | H6: 2500 | I6: =TEXT(B6,"mmm-yyyy") -> Apr-2024 | J6: =TEXT(B6,"mmm") -> Apr | T6: Grand Total | U6: 42500
A7: 1005 | B7: 45413 | C7: Meera | D7: West | E7: Headphones | F7: Electronics | G7: 3000 | H7: 500 | I7: =TEXT(B7,"mmm-yyyy") -> May-2024 | J7: =TEXT(B7,"mmm") -> May
A8: 1006 | B8: 45444 | C8: Arjun | D8: North | E8: Laptop | F8: Electronics | G8: 52000 | H8: 8200 | I8: =TEXT(B8,"mmm-yyyy") -> Jun-2024 | J8: =TEXT(B8,"mmm") -> Jun
A9: 1007 | B9: 45474 | C9: Ananya | D9: South | E9: Sofa | F9: Furniture | G9: 25000 | H9: 6000 | I9: =TEXT(B9,"mmm-yyyy") -> Jul-2024 | J9: =TEXT(B9,"mmm") -> Jul
A10: 1008 | B10: 45505 | C10: Ishaan | D10: East | E10: Phone | F10: Electronics | G10: 18000 | H10: 2500 | I10: =TEXT(B10,"mmm-yyyy") -> Aug-2024 | J10: =TEXT(B10,"mmm") -> Aug
A11: 1009 | B11: 45536 | C11: Priya | D11: West | E11: Table | F11: Furniture | G11: 14000 | H11: 2800 | I11: =TEXT(B11,"mmm-yyyy") -> Sep-2024 | J11: =TEXT(B11,"mmm") -> Sep
A12: 1010 | B12: 45566 | C12: Dev | D12: North | E12: Laptop | F12: Electronics | G12: 48000 | H12: 7500 | I12: =TEXT(B12,"mmm-yyyy") -> Oct-2024 | J12: =TEXT(B12,"mmm") -> Oct
A13: 1011 | B13: 45597 | C13: Riya | D13: South | E13: Chair | F13: Furniture | G13: 8000 | H13: 1700 | I13: =TEXT(B13,"mmm-yyyy") -> Nov-2024 | J13: =TEXT(B13,"mmm") -> Nov
A14: 1012 | B14: 45627 | C14: Aarav | D14: East | E14: Headphones | F14: Electronics | G14: 3500 | H14: 600 | I14: =TEXT(B14,"mmm-yyyy") -> Dec-2024 | J14: =TEXT(B14,"mmm") -> Dec
A15: 1013 | B15: 45658 | C15: Kavya | D15: West | E15: Sofa | F15: Furniture | G15: 27000 | H15: 6500 | I15: =TEXT(B15,"mmm-yyyy") -> Jan-2025 | J15: =TEXT(B15,"mmm") -> Jan
A16: 1014 | B16: 45689 | C16: Vivaan | D16: North | E16: Phone | F16: Electronics | G16: 22000 | H16: 3200 | I16: =TEXT(B16,"mmm-yyyy") -> Feb-2025 | J16: =TEXT(B16,"mmm") -> Feb
A17: 1015 | B17: 45717 | C17: Meera | D17: South | E17: Table | F17: Furniture | G17: 13000 | H17: 2600 | I17: =TEXT(B17,"mmm-yyyy") -> Mar-2025 | J17: =TEXT(B17,"mmm") -> Mar
A18: 1016 | B18: 45748 | C18: Arjun | D18: East | E18: Laptop | F18: Electronics | G18: 51000 | H18: 8100 | I18: =TEXT(B18,"mmm-yyyy") -> Apr-2025 | J18: =TEXT(B18,"mmm") -> Apr
... A62: 1060 | B62: 44531 | C62: Dev | D62: East | E62: Headphones | F62: Electronics | G62: 5200 | H62: 950 | I62: =TEXT(B62,"mmm-yyyy") -> Dec-2021 | J62: =TEXT(B62,"mmm") -> Dec

Sheet Presentation
B1: Excel Sales Dashboard Project Presentation
B4: Step 1: Raw Data Preparation
B5: • Created dataset with Order_ID, Date, Customer, Region, Product, Category, Sales, and Profit.
B6: • Stored all original data in Raw_Data sheet.
B8: Step 2: Data Cleaning
B9: • Removed duplicates.
B10: • Handled missing values using IF formula.
B11: • Formatted date column.
B12: • Created Month column using TEXT formula.
B14: Step 3: Pivot Tables
B15: • Sales by Region
B16: • Sales by Category
... B40: • The project demonstrates strong Excel and data analysis skills.
